"Iteration","Continuity: Residual","X-momentum: Residual","Y-momentum: Residual"
1.0,0.07184096419877492,0.004383248583580747,6.023214357724125E-4
2.0,1.0,0.6985885266663623,1.0
3.0,0.19110525742318316,1.0,0.6942182764233904
4.0,0.6344500733534449,0.30696940321250454,0.2858764787846955
5.0,0.3009154727154594,0.1889256034382562,0.17582922583065919
6.0,0.07391855704466703,0.16350187803486477,0.11613607339440463
7.0,0.11933821409633626,0.1579889490138882,0.15151884086628484
8.0,0.12273351272395455,0.13346730207589907,0.12434429303266228
9.0,0.08129161792147604,0.11287203256897535,0.09639861270227783
10.0,0.09847553311974457,0.09595877586337391,0.06795125283782179
11.0,0.04584656014279366,0.08091803821481598,0.05190144868123394
12.0,0.05322276863316165,0.07281441018376829,0.04074405723795663
13.0,0.042087516388018525,0.07000281115861004,0.03609427931032406
14.0,0.031291211571717416,0.06854653251001484,0.03308424533043753
15.0,0.023846582520244065,0.06635002037774058,0.030012745348726142
16.0,0.0181200246196286,0.06293736245131443,0.02710614933535215
17.0,0.013845812158222953,0.059705263633835354,0.024897917935922675
18.0,0.011402332519278434,0.05740395399494057,0.02340244196614097
19.0,0.009984293856963653,0.05590420246811435,0.022127477629006655
20.0,0.008780488383084465,0.054647422077265244,0.020864961922100345
21.0,0.007404963918339106,0.053378798078418034,0.019535125482648647
22.0,0.0062323641193878405,0.051985187098441625,0.018184804149509477
23.0,0.005317517268340089,0.05049744870933951,0.01695847801761826
24.0,0.004557322588320949,0.04905001879375225,0.015901150412441292
25.0,0.003920003342500047,0.04771943221466014,0.015052853791854835
26.0,0.003349276279005341,0.04653322294244638,0.014376698235380684
27.0,0.0030270923390125467,0.04548717833110235,0.013940722140794289
28.0,0.0024934538649242118,0.04435599537175561,0.01338944280721367
29.0,0.0022745989773201906,0.04332422292703282,0.01316548523689298
30.0,0.0021879673365020266,0.04226558193681886,0.012680486816284338
31.0,0.002216142243525109,0.04129641620176079,0.01227566124929099
32.0,0.002519401197025226,0.040380858247284726,0.012051530935058547
33.0,0.0020044473523038128,0.03947640329607863,0.011684884543530859
34.0,0.002241150845366052,0.03865224357770442,0.011432503550504297
35.0,0.0017277411277939652,0.03784587513146339,0.011206779604668048
36.0,0.0016517043610304158,0.03703762130029255,0.010937764482762204
37.0,0.0014040582182776643,0.036254692556354766,0.0106782046188708
38.0,0.001323228630336521,0.03550055874334848,0.010466091280781768
39.0,0.0013068815962848847,0.03482736489148948,0.010318720830633463
40.0,0.0012928314679281632,0.03418565379608421,0.01018226623918013
41.0,0.0013013947481964904,0.03355584794869928,0.010018578772641899
42.0,0.0013197401421545796,0.03299355199755453,0.009887658848480368
43.0,0.0013696855129423223,0.03245598219936674,0.009826174483726477
44.0,0.00143111521954836,0.03193948451585831,0.009763461118887283
45.0,0.0015470562100162498,0.03141974077959031,0.009664328439807208
46.0,0.0017128723646113492,0.030936114012869602,0.009519464398641318
47.0,0.0018089348890730735,0.0304775120765798,0.009432361048982844
48.0,0.0018110992511048522,0.03005922921062512,0.009421011464894019
49.0,0.0016936733258853605,0.029679332066984605,0.009274611337359833
50.0,0.001542880104379899,0.02930774515006415,0.009089624507704102
51.0,0.0013968347029334244,0.028946447926139533,0.00891879720903435
52.0,0.001266803871149898,0.02860203389850156,0.008824946381059729
53.0,0.0012089043930269743,0.02826915531819228,0.008723738038479421
54.0,0.0012059269854611922,0.027936616250526274,0.008597320010864235
55.0,0.0012678096833616446,0.027607183905253792,0.00846585796760633
56.0,0.0013106229675146493,0.027291196400503422,0.008370890513030345
57.0,0.0013236657866522194,0.02699390338875177,0.00831040618690438
58.0,0.0015176812642616725,0.026700645324802447,0.008249274594792575
59.0,0.0017218545280037964,0.02640638506487588,0.0081986991518167
60.0,0.0018957301735965458,0.026116781285739105,0.008132801586805872
61.0,0.0019725889415252527,0.025844795917283673,0.008060648544738652
62.0,0.0020092903723397215,0.025577981116955757,0.007958941651555099
63.0,0.0020680042059318757,0.025315392204812166,0.007832021714077604
64.0,0.002417216283317086,0.025046289630018877,0.007729059178558766
65.0,0.0024940770105433122,0.02482325278850697,0.007729993796803998
66.0,0.00241239471397999,0.02463161281653944,0.007770522093967472
67.0,0.002310322947368573,0.024509984886316415,0.007876382199157483
68.0,0.0025746790055529347,0.024399145934800658,0.008029838833363093
69.0,0.002142147333980817,0.02435457023682048,0.008525873931293839
70.0,0.0019423296817083048,0.02432335828055289,0.009318049359652742
71.0,0.0019851559219895175,0.024332534228947975,0.009819174820349608
72.0,0.001990266461487234,0.024143846670480987,0.010200932794473849
73.0,0.0023295491596085293,0.02378971103734103,0.010058793834611102
74.0,0.0026151863123125185,0.023411859416134266,0.00937375325244107
75.0,0.002675756581512432,0.02298766312103498,0.008591156424936528
76.0,0.0023321073900449242,0.022561560139281858,0.007950443046195365
77.0,0.0020681096494637534,0.022154670695966393,0.007819425778042427
78.0,0.0018218201066042532,0.02186160991838547,0.007736109515882663
79.0,0.002003374464607924,0.021658551137846056,0.0077167685007474675
80.0,0.002325799395994516,0.02137655976598966,0.007665430649481564
81.0,0.002283093459296223,0.02114687285946986,0.007542914800990459
82.0,0.002018138499177159,0.020980660992787403,0.007403652080624943
83.0,0.0018248604237275988,0.020857403088550365,0.007330548134835972
84.0,0.0016826519822929938,0.02069476200162576,0.007322939455286935
85.0,0.0015647655950101734,0.020574947644039835,0.007396986996520117
86.0,0.00162613100926552,0.020506531052673443,0.007473171603627127
87.0,0.001743349059310262,0.020573305766200957,0.007617563027981318
88.0,0.0018424850376372543,0.020749710481701062,0.008122803580213105
89.0,0.0018673740024652246,0.021041244568637277,0.008647318563175271
90.0,0.0018550271913412393,0.02132837124596394,0.00932704066339484
91.0,0.0018958889534807907,0.02166407580824652,0.010065649058828698
92.0,0.002098636321765498,0.02171832932376878,0.010594197219499049
93.0,0.0021094320947693257,0.02183995773058336,0.01130194636197619
94.0,0.0020958640526280124,0.02176581341561012,0.011751143051577189
95.0,0.0022064521168907126,0.021215606892327776,0.011418646928322127
96.0,0.0024444172128572595,0.020900087107381487,0.011163824113391403
97.0,0.0024046753549821684,0.020812089096519805,0.011155965445439325
98.0,0.0023926183594904743,0.020487812864465053,0.011019703223409305
99.0,0.0025296386471189585,0.02019478291668837,0.01058308548194252
100.0,0.002683790190108698,0.020283142128747243,0.010352818095943963
101.0,0.0027673481924872486,0.02032277138144319,0.010586304726241998
102.0,0.0028047327845247636,0.0203511455639527,0.011104605100305398
103.0,0.0027237161374698256,0.020654210497923427,0.011096919582193348
104.0,0.0025419011991833517,0.020994359962850866,0.011426634415794218
105.0,0.002622408788280324,0.02127720253256603,0.01174571574242269
106.0,0.0027351987207646505,0.021588030659737203,0.012315054230351773
107.0,0.0029405418995879615,0.02222045110077916,0.012901410445199884
108.0,0.0031333043172161188,0.022641121670069854,0.013367734482981756
109.0,0.0034448777795605344,0.022361373599917606,0.014095197004295153
110.0,0.0042663460005778284,0.02215080766836991,0.01408379753409136
111.0,0.0034580475031624606,0.021938657857432906,0.014106848233469122
112.0,0.003113504110935675,0.020969613469710744,0.013163863876807905
113.0,0.0029829077339404613,0.019869452625491023,0.011729167712829756
114.0,0.0026900818407776216,0.01882697675914905,0.010919050699258618
115.0,0.0030829931013483013,0.01840888553748623,0.010425742607323017
116.0,0.0029307758777248477,0.01819848931499266,0.010567192119206406
117.0,0.0026238278331443044,0.017882956806742543,0.01079005052367623
118.0,0.0024837774203880117,0.01788722591221572,0.010426282547936207
119.0,0.0023909156304708855,0.01789305848959296,0.011009362192696263
120.0,0.002390264041101409,0.0180713274616343,0.011037907523668764
121.0,0.002596566734601848,0.0183109448120837,0.011016982633931183
122.0,0.0027374663893507665,0.01843743101888477,0.011729394469612986
123.0,0.0028320048886842767,0.018716813466208994,0.012296182467818637
124.0,0.0028157307183169942,0.01944419534300279,0.012739685305623243
125.0,0.0029234795832182776,0.02017661885031544,0.01386217734869762
126.0,0.0028637541026318505,0.02016182305053988,0.014169506500873267
127.0,0.00301440653291758,0.021064502840596723,0.014501949007189301
128.0,0.0030790426145923524,0.022389788246721613,0.0159144389899834
129.0,0.0031365623162813317,0.02167831469634323,0.01619262897108205
130.0,0.0030345048038784156,0.0215555352554998,0.016666076559676283
131.0,0.0031020303294420322,0.02173872443628344,0.01771640345770578
132.0,0.006239323813303402,0.022108900945030263,0.01809482876368208
133.0,0.004729742459718884,0.023703367714704656,0.019517574095391732
134.0,0.0038242946097569105,0.024810214072504173,0.02011718674717695
135.0,0.0035959951212589975,0.025020618691664023,0.019949343357014777
136.0,0.017048863054766484,0.023391900231864538,0.01868026564039261
137.0,0.0041739425969094445,0.022582411034693058,0.017757305622900198
138.0,0.0034864718760338003,0.020983789443055834,0.016441432963570812
139.0,0.0031418046923092986,0.018697392800013417,0.01502919808997086
140.0,0.003070607927167781,0.017164418074962943,0.014233646036060001
141.0,0.00330856300554423,0.016305703971091618,0.0136764613972437
142.0,0.003269451519838709,0.015604762026396804,0.012967276630070204
143.0,0.0028006255780385395,0.014704566434425647,0.012675242250309682
144.0,0.0026060765819315435,0.014117610311684622,0.011973980855207077
145.0,0.002772511635154584,0.013784871182580262,0.012105990773723155
146.0,0.002402691218430692,0.013984753074531451,0.011436105126122422
147.0,0.0022562105307249265,0.013924332627281252,0.011318224026629783
148.0,0.002344721067865125,0.014100952874233514,0.011247062929499394
149.0,0.0024381530853396258,0.014710305418324165,0.011004079620096183
150.0,0.002486873477458717,0.01545891483244461,0.011670420693775507
151.0,0.002558985448916807,0.016198544252169145,0.012481437322003134
152.0,0.002657665728534134,0.01790073048769239,0.013276724775378997
153.0,0.002818507769095583,0.018977948051712868,0.014208484684349721
154.0,0.0028623758547172877,0.01961408286904367,0.014432085801637516
155.0,0.002963567547539872,0.020989515954171877,0.01614417382445624
156.0,0.0031097373512827845,0.021715001804616798,0.01760657686272785
157.0,0.00317245442789658,0.021038439262659445,0.01754662694868063
158.0,0.0029676279592995188,0.021377152582850237,0.018234753602193135
159.0,0.0030468303334059035,0.019917982578665026,0.018122788658153824
160.0,0.003938601151852968,0.020097791129871756,0.01840015446849525
161.0,0.005016197679133284,0.02118304482260678,0.019120979648763928
162.0,0.00378973385058118,0.0218743770138997,0.019368745154878027
163.0,0.0033166201221276124,0.021956009051764366,0.01979363467715116
164.0,0.0064570712401038205,0.02094361418682023,0.018406707511189977
165.0,0.003093332595652546,0.019881015873795784,0.01667234427211575
166.0,0.0028795679510167245,0.018535364574652054,0.015582702205121115
167.0,0.002516655009274253,0.016508050006521734,0.013813930400669356
168.0,0.0025921328056501473,0.014682239957975188,0.012223918927736463
169.0,0.0026703891083348793,0.013891220511806742,0.011835238392434451
170.0,0.002909307722633562,0.013346972814796769,0.011654348558333505
171.0,0.0025252925202601684,0.012780675128102211,0.011302590508195253
172.0,0.0023722736114922677,0.012487568446357651,0.011011799624421564
173.0,0.002158162096277325,0.012385957961193959,0.01083963514150573
174.0,0.0019955625084770987,0.012192701776305418,0.010666406071879886
175.0,0.0024566660067842725,0.012054684925355517,0.010323422572052406
176.0,0.0028711162555045983,0.011961546778949356,0.010000010229118098
177.0,0.0031428371889839,0.012023768684483765,0.009889371749992715
178.0,0.0026368526183235073,0.012166767195509617,0.010002864373180808
179.0,0.002886243651477354,0.012460314100532067,0.010176178161948046
180.0,0.0037414336924432917,0.013144274676798084,0.010176060023065333
181.0,0.0039711477196609545,0.013655818233707852,0.010772479795454959
182.0,0.004016247666490502,0.013933932159233265,0.011015142434247746
183.0,0.003650256846333637,0.014705555519959937,0.011487042217202302
184.0,0.003480282395860953,0.015141361716120872,0.011980881098547789
185.0,0.0037708443838330623,0.0156639010193781,0.012445171813339243
186.0,0.00515071827266281,0.0160809660489178,0.013619209309961315
187.0,0.002923749820203724,0.016839415719725456,0.01399816098004876
188.0,0.003395167151417637,0.017144621838681158,0.014622379117094228
189.0,0.0037800923361628585,0.015985685615954173,0.013794240040932363
190.0,0.004133586635036529,0.016171566427670144,0.014211098496076014
191.0,0.00456973854694213,0.016631804116219923,0.014612419806946369
192.0,0.003599944452829009,0.015080963075219316,0.01431593475883052
193.0,0.0028514703532117563,0.014403192189759852,0.013572650240322691
194.0,0.002673228693693987,0.015049354130296684,0.013702505359843275
195.0,0.002770942767653096,0.014997227746953034,0.013321875838364175
196.0,0.004063901444095593,0.014543787225375878,0.01241157414401471
197.0,0.0031486452584393357,0.01496751984111578,0.012911424241939567
198.0,0.0025930251190886193,0.014910999277401114,0.013450889453267204
199.0,0.0024009803425569026,0.015239092059106705,0.01391056100376882
200.0,0.002496351543902928,0.015392197044276362,0.013609648147908764
201.0,0.0027277291328579984,0.014519536031355765,0.012979207783199748
202.0,0.002394548764798717,0.013377393128483038,0.01179692682894929
203.0,0.0026462622823852444,0.011802886488719393,0.010512623010936844
204.0,0.002783713021827138,0.010669101100969035,0.009709382203386555
205.0,0.0025970312920055873,0.010143288993400806,0.00970201106707946
206.0,0.0026544440913869485,0.009847360374137455,0.009576785636809622
207.0,0.0026820560996919604,0.009701941943257783,0.00937265819732291
208.0,0.0027469265391391073,0.009728318193000607,0.009341981728598047
209.0,0.0027897649975102408,0.009813995596167703,0.0092987502196016
210.0,0.0026289753592540752,0.00984322964665855,0.009178191269790385
211.0,0.0025402741462558463,0.010300383251245488,0.00905788287352862
212.0,0.002496316002337769,0.010947190126648803,0.00962950182662863
213.0,0.0023521200745133947,0.011608652049444931,0.009945071097450943
214.0,0.0023460793430448916,0.01277304095406661,0.0103870448280011
215.0,0.0024441355405037703,0.01401341047473403,0.011120334742463501
216.0,0.0026025190783158267,0.01498242222835063,0.012296454543092536
217.0,0.002597972533662601,0.015879669949054022,0.013018960791959246
218.0,0.002532598170759974,0.0171236337717553,0.014268579095089266
219.0,0.0027285545080321287,0.017008483738210723,0.01461590684254905
220.0,0.0027567226458189513,0.01723535505047184,0.014681812834030545
221.0,0.002963466441889522,0.018167345311400383,0.015789517917494892
222.0,0.003179630293942667,0.01811968588386648,0.016411328873855213
223.0,0.004062777717128299,0.01759577288244738,0.015605428655924267
224.0,0.0033183009368102047,0.018473404885619098,0.016540002514331163
225.0,0.002967626123393666,0.017233775238142353,0.016539207041163677
226.0,0.003300440374186589,0.01730019691529741,0.016711720030007596
227.0,0.007995489634194343,0.018449129228303596,0.01715605985347402
228.0,0.004344273158230201,0.01973796678427784,0.018240325964541067
229.0,0.00327624588706597,0.0203061368262343,0.019148115630332314
230.0,0.003879046803601835,0.020362007738052305,0.018874272730726834
231.0,0.0032333571163165728,0.01866151836416414,0.01716318080520433
232.0,0.0028118788771397257,0.017197050523597563,0.01576581195417777
233.0,0.002475585968157958,0.014909264585524195,0.013750113718830259
234.0,0.00252519993780361,0.01264394288093704,0.011429975430336933
235.0,0.0022948739400716956,0.011295812246428802,0.010634849485834028
236.0,0.0028817641027957318,0.010937865932380211,0.010392897081816038
237.0,0.002189492522362659,0.010301960879895567,0.010295972935636721
238.0,0.0019808439283296652,0.010203766490107504,0.010031501356332
239.0,0.001938961747101928,0.01037652099409113,0.009784263216409884
240.0,0.001985048692010759,0.01068507049632752,0.00988535413760983
241.0,0.002187510515426821,0.010877788260493128,0.009719665981644062
242.0,0.0024700456821892514,0.011210771102669582,0.009726444194881122
243.0,0.0027148811726279776,0.011672798350487472,0.010033795775652754
244.0,0.0033269733048970824,0.011899918432191266,0.010551352281658256
245.0,0.002939113334552252,0.01205153530427261,0.010693552665253177
246.0,0.003171350470691157,0.01254453564516435,0.010654924115465172
247.0,0.0034153396785792474,0.01348031288787735,0.011457338356763746
248.0,0.003292305829465568,0.01358718008355057,0.011828061826085427
249.0,0.0032609953073932103,0.014477757068513888,0.012089459567828467
250.0,0.0034689313623425424,0.015468160538709782,0.012819575403887071
251.0,0.0035471617730092496,0.0156674970231134,0.01287710795933596
252.0,0.003082471713681735,0.016569193793738772,0.013636063461904817
253.0,0.0031790156914555494,0.017129847296062557,0.014951982370711495
254.0,0.0036549868303247424,0.016180753043841197,0.014907174607674158
255.0,0.0032340685156280868,0.016708328666209228,0.01489469509153978
256.0,0.0030120173049478067,0.017178528725927365,0.015405359541410325
257.0,0.003306485135962031,0.016772633623385713,0.015092995385749352
258.0,0.007511461325232069,0.017711546433126654,0.01596202316945333
259.0,0.0047258402882983655,0.019409364404622275,0.016517618964451194
260.0,0.003047668186710487,0.019356670687808296,0.017667715837478684
261.0,0.0030924327995887897,0.02043466644311967,0.018144042920090316
262.0,0.003684324302843858,0.01789843508022441,0.01684517197445811
263.0,0.004323627853279432,0.01659134873316733,0.015010788319939126
264.0,0.003166620134546671,0.014086444448890732,0.012813117601651365
265.0,0.0034916511638420304,0.01234498225409907,0.011470061384452489
266.0,0.0030754724774906955,0.011523233816226722,0.011286082303314186
267.0,0.0029814845149076963,0.011371175612480073,0.01155437562295739
268.0,0.0028075099311548075,0.01064951170995648,0.011346906322690843
269.0,0.0030593065432914274,0.010418523053319636,0.010846228026841794
270.0,0.002903178425085828,0.010402930849798004,0.010562076985763676
271.0,0.0028862728311167683,0.010335085852196127,0.010333438949335413
272.0,0.005141369325908907,0.01009430890144301,0.01022244170930377
273.0,0.004385930015843987,0.010142519093011814,0.009956589360957627
274.0,0.0035162278255454885,0.010247459737717858,0.010083186533613495
275.0,0.0025597200655602097,0.010102983846763579,0.00989110081627026
276.0,0.0024897531062747975,0.010087241140972007,0.009669783158630336
277.0,0.002290554414242508,0.01066398393412808,0.009834544036679741
278.0,0.0032122811302644464,0.011038246455359436,0.010246586077129777
279.0,0.0035790646382539808,0.011087978731775876,0.010342438993081486
280.0,0.0034975923339678736,0.011364833351011917,0.010076906944295938
281.0,0.003436480859205375,0.012593232455802265,0.010996358584573032
282.0,0.003235511199834598,0.013243530574221693,0.011511426379201757
283.0,0.003305716286794479,0.01487068236067545,0.01185804636140721
284.0,0.003328127665297824,0.016902980073215678,0.012557858570492103
285.0,0.003048331813976133,0.018102967481594522,0.013200310528094313
286.0,0.0031092404637140373,0.019584084176630864,0.014409762163862711
287.0,0.0030762337780569065,0.0213756019599295,0.016697801533498837
288.0,0.003450988329206387,0.02220257606421633,0.018702689514255324
289.0,0.006470830857533685,0.022931420159254614,0.0199637113344042
290.0,0.005379231062021608,0.024124783334861823,0.021077701375074902
291.0,0.004086018749470424,0.024468194672422738,0.02217364503500013
292.0,0.003447565181987086,0.023922732255957976,0.02257973789654378
293.0,0.004607587321476496,0.0220837414191326,0.020525439664673142
294.0,0.003951981154452186,0.020613629900431422,0.017465263284975618
295.0,0.003488650170149077,0.018339903224585754,0.015958140868347355
296.0,0.00330293394483198,0.0168716274224341,0.015641655094410217
297.0,0.0036001286639745227,0.014607836491946143,0.01571517132085798
298.0,0.0033816624056392697,0.01328999764428455,0.015336989558296677
299.0,0.0031089384308844704,0.012826648209372427,0.014720898972518154
300.0,0.003263228199881415,0.01221143908428139,0.01371526244965868
301.0,0.0032355801736971136,0.011719299543989632,0.012851879228737552
302.0,0.0031490209483630775,0.011640868189449,0.012254910217764859
303.0,0.0031067030910201248,0.011573929814337736,0.011687452390085878
304.0,0.0028813971541148064,0.011344285007703661,0.011417022663422788
305.0,0.0028566509313923357,0.011076327375081558,0.011001458064195762
306.0,0.002584582221914144,0.01101724428599494,0.010883551194859781
307.0,0.00231109855889416,0.011064852581659257,0.010931497085640486
308.0,0.002176684167952246,0.011340567824257825,0.010780455666480358
309.0,0.002163036180620265,0.011895933433828113,0.010742546947966614
310.0,0.00223371931186156,0.012408449577511532,0.011043649666495185
311.0,0.0021161919777367387,0.013116184821012422,0.011197881251580801
312.0,0.00228811321701749,0.0137131991314496,0.011803274955689834
313.0,0.0023204887544859137,0.014384811580233125,0.012276081969455208
314.0,0.002223042651061199,0.014977167237660923,0.01292585573578894
315.0,0.00244978578725411,0.014446334245071486,0.012520950477307287
316.0,0.002482469613570714,0.013912447261569367,0.012472530415620244
317.0,0.002570349946226668,0.013975034083430229,0.012874017673443436
318.0,0.0022320617109157026,0.013443759172466046,0.013061720681006965
319.0,0.0022197380252549775,0.01254628651789234,0.012564830787425967
320.0,0.0021936033396129247,0.011790600181031105,0.011682151858219617
321.0,0.002267570562884895,0.011946515383022438,0.011738769760854193
322.0,0.0022595855154085194,0.012115331099398325,0.01185390025027406
323.0,0.0025314320864589608,0.012227197877920794,0.011617860483302983
324.0,0.0024341975403939487,0.013188144961128932,0.011982646806805705
325.0,0.002366885930123708,0.014563923311486404,0.012517052240472294
326.0,0.002511457137377705,0.01520596780767233,0.013247647557786329
327.0,0.002499786783591299,0.015027806097557555,0.013256881774064002
328.0,0.0031331653406219424,0.014702318467372447,0.01272021832383488
329.0,0.003244400118305807,0.013833388582224743,0.012347430012712645
330.0,0.0031014063539480264,0.012709200004350689,0.011372266154934573
331.0,0.003358307999272876,0.012189345368218902,0.01107223827699927
332.0,0.002955958740122434,0.012374922782207377,0.01142490183499818
333.0,0.002600768508143267,0.012164988809168185,0.011810341207568516
334.0,0.0026040721000226666,0.012452323690590116,0.0124093624205517
335.0,0.002956514382227335,0.012722454550521229,0.01262364754730561
336.0,0.003513676784440702,0.012437478356331211,0.01208018932359842
337.0,0.0033154539976937808,0.012271778177138995,0.011874902318844425
338.0,0.0034964429286026394,0.012367638468556185,0.012087262529511792
339.0,0.0029635213335751035,0.012350009246880393,0.012000178808219556
340.0,0.003503912226378317,0.012502252868078182,0.012379611567226062
341.0,0.0034053596937916528,0.013206319930053752,0.012487361944841291
342.0,0.0031746669280002322,0.0142384507076665,0.012498681462796061
343.0,0.003129089333448022,0.014852905753902159,0.012737424240820024
344.0,0.0030289349359568156,0.015218631456188118,0.012707257855866242
345.0,0.003205744101348227,0.016129026343972588,0.013532621224148859
346.0,0.0033802099411009948,0.016903809699987723,0.014415878149105395
347.0,0.0032205687538412785,0.01826335961444598,0.014569365833796644
348.0,0.0035118941178729217,0.01971227999709357,0.015637711846150936
349.0,0.0032631860766237915,0.02076427366347114,0.015932395347898774
350.0,0.0030910575577208815,0.022664161941645805,0.017507736647887424
351.0,0.0034608981588210115,0.023448585992758397,0.018265011335849356
352.0,0.003389430155959327,0.023462439067136142,0.019962099862209308
353.0,0.003347831779407735,0.023532958306873374,0.021813753711806404
354.0,0.0036870365558834117,0.023390880815534264,0.022666845843191737
355.0,0.006105300120412602,0.02429019024762814,0.02355593762992072
356.0,0.006204379844065381,0.02472177588898778,0.023490061192598593
357.0,0.0038592659378697157,0.024884893961505887,0.024176579254940992
358.0,0.0035728305031707173,0.02361655111209819,0.024133115019134826
359.0,0.004451578774485514,0.02252282189628559,0.021623084234377647
360.0,0.004008532331182252,0.02043775500323129,0.01861288541411738
361.0,0.003480582232056916,0.018170208375616174,0.017086782166285477
362.0,0.003314730529850729,0.01640492262847578,0.01584857622392754
363.0,0.003129358737767914,0.01523674250779261,0.014926015529672343
364.0,0.0028691652348958505,0.013948639600250355,0.014687189120629303
365.0,0.0028275003605333616,0.013349772916904508,0.013916640531596417
366.0,0.0031674964697739395,0.013274344319080464,0.013372944342375405
367.0,0.003309872589603388,0.013141324040657652,0.013161916969554082
368.0,0.0038686567804035094,0.01315075462009717,0.013214654137802234
369.0,0.003952514676212359,0.013177037162227208,0.012886185663830832
370.0,0.00347117661403798,0.013329992432131385,0.012333499381027738
371.0,0.0029632026391932594,0.013353517461195962,0.012395796258335175
372.0,0.0031494249032708627,0.013495267417309564,0.012550766014135227
373.0,0.0027212591806297062,0.013769093829626676,0.012052990479153298
374.0,0.0024234360702256306,0.014388592528839042,0.012575259946521
375.0,0.0026804438900816948,0.015434643498304678,0.012930664511148396
376.0,0.0030083572732532106,0.016408193370485692,0.013312460580663312
377.0,0.0028368078694779525,0.016778157449362913,0.013407851280741076
378.0,0.002401147209209194,0.016460826254399676,0.013251325087853847
379.0,0.002472121223164909,0.01517382747322654,0.01272821769223002
380.0,0.0024812129032677874,0.014384884538574439,0.012478602941071316
381.0,0.002518243431768357,0.014002721389371598,0.012618708928272646
382.0,0.0026634254123349653,0.013602832501031413,0.012354414192103876
383.0,0.002549208689500405,0.013593889737935788,0.01230169076834591
384.0,0.002484210364088745,0.013904454714383244,0.012506881345905618
385.0,0.002506935990194596,0.014051227302114083,0.012564598818923764
386.0,0.0024890766618136132,0.013721613532147452,0.012209125053860632
387.0,0.002544682159372489,0.013886366041115554,0.011957400035799213
388.0,0.002540025956652955,0.014449139969482374,0.01258487523980767
389.0,0.0025154446496727643,0.014871961977014611,0.012816694585985439
390.0,0.004514201914366391,0.01566021863088453,0.01367770897755786
391.0,0.0031902480792493303,0.017108339806849556,0.014094035587088943
392.0,0.0027649276140706124,0.01810483920767102,0.014644462966404016
393.0,0.0028120752277041488,0.017306889562367984,0.014952634827081937
394.0,0.003445234671948766,0.01639916036987869,0.013813711534887106
395.0,0.004425607100985047,0.015430603328272053,0.013007065319213135
396.0,0.0047547928508382496,0.014000589707698192,0.011762112744197473
397.0,0.004045318032620925,0.012569362811842174,0.010875400274034113
398.0,0.0034882964878946558,0.011557409332538685,0.010895785588338903
399.0,0.0034792151038986704,0.011024762726319491,0.010891815878760475
400.0,0.003752068317800255,0.010944802726817476,0.01065110167137667
401.0,0.003981115194782951,0.01077216099663878,0.010447133639261284
402.0,0.0033490555757191586,0.01060547405851282,0.010154977827178599
403.0,0.003520854918762811,0.010464798362950712,0.009939877275653168
404.0,0.004193371782444405,0.01058238353541567,0.00984365777085182
405.0,0.0041574700491322425,0.010641413740976423,0.009840849380274389
406.0,0.005075234889438388,0.010941209161183118,0.010191553344165428
407.0,0.0054093255017582985,0.011356966963249428,0.010528402849327448
408.0,0.005537393841952748,0.012224120441832189,0.010643071266592774
409.0,0.005281780231875349,0.013056355645684513,0.011166680031090873
410.0,0.0038034380472555212,0.01346956190922305,0.011231025066864865
411.0,0.0026783478228070336,0.014381632308819394,0.011558466824263047
412.0,0.0028193291702004954,0.015926470885291633,0.012941275766876637
413.0,0.00343462143494637,0.0168051681176637,0.013848062074591518
414.0,0.0033339070975725747,0.0171213486170322,0.013741888210068815
415.0,0.003234683042447963,0.017124178548610616,0.014626817098489845
416.0,0.0031988098427830135,0.016732466923663022,0.01487084439013434
417.0,0.0038233561136619874,0.01701696182098157,0.015395708702869286
418.0,0.0061121474155966535,0.01848067851245434,0.016675896458878722
419.0,0.004220420960068422,0.020131735560569384,0.017815859597140226
420.0,0.0030616445240933565,0.020966601154680135,0.018844041038186744
421.0,0.0030454064136767266,0.02117607364336949,0.019332697275361476
422.0,0.004263947281832699,0.01966365655440749,0.017729467851308547
423.0,0.0034856163154961973,0.018319583757160737,0.01636592856301057
424.0,0.0032263141283151086,0.016191918276717305,0.014757410461044475
425.0,0.0030137661750237023,0.014398853708501162,0.01336716516146268
426.0,0.00266063984741661,0.013587964434919473,0.012903998948234333
427.0,0.0027536707288838102,0.012414440612765722,0.01298568090220396
428.0,0.003201458966936851,0.012046678106726978,0.012761786199395433
429.0,0.004196025342384033,0.011864452254633347,0.012328622207638099
430.0,0.004436885290614315,0.011862470286696795,0.011916649881224614
431.0,0.003703437960827387,0.011889498639493358,0.011867106006301977
432.0,0.0032854362191479716,0.012151560278620202,0.011671987060866229
433.0,0.003145071432063281,0.01249797185911387,0.01166693153450506
434.0,0.003134583722051402,0.013404976577580567,0.012226138764192608
435.0,0.0034636889166850915,0.01441785207723579,0.01286559487126496
436.0,0.003572321661956036,0.015105682670438445,0.012804061708996775
437.0,0.003525276665331655,0.016122753974454094,0.012964728231960597
438.0,0.003479807161723158,0.0167345478481436,0.013702052816664348
439.0,0.0039094197730373086,0.017242610105152944,0.013720154007185185
440.0,0.004795106848171925,0.01808418591182018,0.015404317139626696
441.0,0.0042783971361056985,0.01834201196451095,0.015889441019309853
442.0,0.004741956368957525,0.01892603008844645,0.015413314306469719
443.0,0.004574400359865146,0.019454707306964913,0.016186355356433178
444.0,0.004078558404782291,0.019557610990237864,0.015561709404399243
445.0,0.00460994306522806,0.019585965438276964,0.015915275464716473
446.0,0.004106305656896931,0.02028485788848118,0.01605717938022902
447.0,0.003212540213662696,0.019551697621984155,0.017300034942107655
448.0,0.0027400596401119365,0.019450574823180498,0.01820463314570517
449.0,0.0030105179450044726,0.018369884145176714,0.01782055812017377
450.0,0.003352292206120924,0.016988843553178992,0.016750832702092485
451.0,0.0031592922352747074,0.015347233218503866,0.014985613350209882
452.0,0.002814738120284198,0.013300438167464143,0.01251126349926381
453.0,0.002667810161614088,0.012157204077946883,0.011599586915848762
454.0,0.002266596202917066,0.011765014898441731,0.011496647381803528
455.0,0.0024455705788267506,0.01118423925625898,0.011160233984739958
456.0,0.0031285839285897835,0.011153821514972096,0.010920022926523292
457.0,0.003675477636870915,0.01112085975877047,0.010811311645215878
458.0,0.0029642245282495666,0.01102053522399045,0.010587941728369483
459.0,0.003058652132511276,0.011241664954238829,0.010577811334271062
460.0,0.0027477561754637517,0.011269443487234734,0.010737007350294021
461.0,0.002602791150351918,0.01143938591402244,0.010817285713874494
462.0,0.0026667283875665476,0.012042249113991897,0.011146122217089018
463.0,0.0028049143582113034,0.012475089048822864,0.011474860302262125
464.0,0.0029230763683112324,0.01283933134288359,0.011452347174145016
465.0,0.0030532439948275287,0.013732473951318998,0.011963526038746982
466.0,0.0030151268235701265,0.014631745178005744,0.012757270546459412
467.0,0.0030072159292176296,0.014674775572931837,0.012865670430026812
468.0,0.0032650094173245067,0.015010881786582272,0.012411076179013181
469.0,0.003292502222932431,0.016003279288906373,0.01355399647955385
470.0,0.003218842423914493,0.015568344842744337,0.0139047608649567
471.0,0.003563660439104022,0.015370574380671971,0.013587097638287556
472.0,0.0032027354717296353,0.0157872270537376,0.014429041922683458
473.0,0.003157649386538002,0.01634571177818088,0.014013493527740815
474.0,0.004041558665772327,0.017422264354682408,0.014481089830609724
475.0,0.003853035918262605,0.018826137278484353,0.015079357333621764
476.0,0.003010974684603235,0.018517397003959477,0.01620232910488813
477.0,0.002724984110230872,0.01850818583568208,0.017002685594820013
478.0,0.0030372171213880503,0.01709231056654467,0.015995763773214024
479.0,0.0029346039580405063,0.015819298048788642,0.01474895312292486
480.0,0.0028229785110913475,0.014072295664957645,0.012717719976856374
481.0,0.002614826481470807,0.01207915248063202,0.01060931217593734
482.0,0.002382913097751868,0.010907918645571734,0.009981593103210583
483.0,0.0021378392406982334,0.010683777493530852,0.010146208613462881
484.0,0.002447215852891263,0.01033923972772526,0.010031035774767142
485.0,0.0033238981006802164,0.010128570117121762,0.009946173003337418
486.0,0.0027733437679687764,0.010217263175368651,0.009827556168944493
487.0,0.0024403570866952566,0.010106480486239048,0.00990356290383153
488.0,0.0025082263283725346,0.010097607014852706,0.009603476734006041
489.0,0.002514144409890258,0.010344632605674869,0.009646656160542092
490.0,0.002677601098001476,0.010630371550866002,0.010013333301278881
491.0,0.002662118934552764,0.01096544222265841,0.0103051159426759
492.0,0.002870049152370415,0.011600770555424742,0.010346698001241219
493.0,0.003039281634643506,0.012740090029405985,0.010755188025223768
494.0,0.0031278898579498475,0.013773816361999402,0.011997205102807086
495.0,0.0032052487033268884,0.014270312787716939,0.012546914208931873
496.0,0.0034462325558149835,0.016311064063510128,0.013734628481235791
497.0,0.0035320492258534585,0.01776747426485143,0.014626385060651032
498.0,0.0037694097054491353,0.01909379077159118,0.015182766199853806
499.0,0.0038934294445752858,0.02088307821937799,0.016747737006420356
500.0,0.004043167100541595,0.02153664062027916,0.017579370546319518
501.0,0.004241179510707403,0.021294391584690216,0.018373948282991538
502.0,0.0036756676896414144,0.020439789009086346,0.01845354842252226
503.0,0.003597255266928338,0.01956336698141182,0.019380884115417944
504.0,0.00387994268548637,0.019582931881684165,0.01897683750613067
505.0,0.00430996895970952,0.021319211839258403,0.018871693256384537
506.0,0.004137592255429264,0.021706717999353635,0.018084917373768158
507.0,0.003455150300061305,0.021746961026257648,0.018224880107496216
508.0,0.0030226093156562723,0.020469915278177354,0.018194386412060108
509.0,0.0029160990343199355,0.018317440013309406,0.016195079432098466
510.0,0.00292597732035378,0.016620441732727614,0.014610592354018261
511.0,0.0027756939853201415,0.014566917876663883,0.012021373734321697
512.0,0.0026537379175703116,0.012396236617989142,0.009943950178622776
513.0,0.002364942597051078,0.010707563927278313,0.009396436295572172
514.0,0.0022679300191417655,0.009968395170409185,0.009440932290280746
515.0,0.002483597714827761,0.009629556955145011,0.009423410099058518
516.0,0.00309847804952027,0.009396467604625766,0.009150535665157437
517.0,0.002779016394763065,0.009186097207128993,0.009044484101350126
518.0,0.0024799101370336623,0.009005660973781568,0.008850936217780327
519.0,0.002190258714995776,0.00892319502260943,0.008410573228780442
520.0,0.0020919239892014147,0.009211243624460819,0.008499346630337681
521.0,0.0020996509739124565,0.009581649942473522,0.008711546081183666
522.0,0.002067396029471419,0.009896736187393252,0.00859226361950524
523.0,0.0021115354160630615,0.010590819024483339,0.008785704051427451
524.0,0.002206235333568852,0.01171411844527058,0.009474280402093138
525.0,0.0022725438576366615,0.012856864624210759,0.010623671733865962
526.0,0.0025211632108612598,0.014033465031289372,0.01150394622701531
527.0,0.002780201563604907,0.015667271247168345,0.0125297695858959
528.0,0.003340198796494512,0.01680323367523627,0.01407545758179369
529.0,0.003929720188500278,0.0178649855152995,0.014544377848154409
530.0,0.0035998804097374026,0.019403631328212087,0.016263559884008218
531.0,0.0036449618984637448,0.019711382801191977,0.017278877955105586
532.0,0.003971465143722807,0.020211141836138913,0.017306559913196594
533.0,0.0044272787446275885,0.02079483898198185,0.01803359001796945
534.0,0.004338408886306962,0.020075584280670924,0.01772959413156647
535.0,0.003795603766605205,0.02021101439821689,0.01828910879075253
536.0,0.0035347303129176434,0.019719616072289795,0.01863669596757158
537.0,0.004165027393369652,0.02005053245688813,0.01915660840422187
538.0,0.008323298018851873,0.021305172699833327,0.02024214651324186
539.0,0.005173185798406979,0.022196464901472427,0.020808371912311496
540.0,0.003340956326151477,0.021980165791942938,0.021684511566570662
541.0,0.003314688432474181,0.02110519495015886,0.020538604395319918
542.0,0.003874915397891182,0.019239875527168885,0.01808685839444445
543.0,0.0031583985022012105,0.017233233784585893,0.01564021431693947
544.0,0.002886805491907018,0.014250612397521633,0.013099665076869275
545.0,0.002774651917422611,0.012537552291057328,0.011718327818650665
546.0,0.002637060194867918,0.011761659574247038,0.011505730152269402
547.0,0.0027906948495058544,0.011300904637216558,0.01146305810056759
548.0,0.004274020033854307,0.010999516002381112,0.011365079811149878
549.0,0.0033033803266192528,0.010766048673578813,0.011075526638624123
550.0,0.002742048182088452,0.010491253440466157,0.01093266228259578
551.0,0.0026896087280424102,0.010416070116508585,0.010836114457043194
552.0,0.002764809263359544,0.010487791383374766,0.010637668623408095
553.0,0.003055743491275399,0.01048252582917362,0.010585843374680865
554.0,0.0032114406135939307,0.010920983586304958,0.010542795796721446
555.0,0.003087617811014521,0.011269612581431452,0.010284643806084176
556.0,0.0034261384136840866,0.01226574755279641,0.01052436033140674
557.0,0.004037430076285165,0.013935889770613389,0.011869891476635122
558.0,0.004698006943422103,0.015010612448471764,0.012398107902876722
559.0,0.005218943398618814,0.016166800454607003,0.012445456531323978
560.0,0.005015644962532209,0.01782309716522634,0.014102190016994713
561.0,0.00402471234359135,0.019311530844972138,0.014987209980368267
562.0,0.0033431678907348945,0.020895493427213876,0.016864474662949165
563.0,0.003576157333221548,0.022291394102497093,0.01829101711945894
564.0,0.004368505657543106,0.0232886434339435,0.019206337191535063
565.0,0.005702436190061103,0.02313446148137281,0.019060707987677273
566.0,0.004371546188393215,0.023539764265433923,0.019869926264755325
567.0,0.004033594179814442,0.021817861597830657,0.019703668129068194
568.0,0.004154396478163749,0.019428767345426284,0.01907040466917675
569.0,0.007750986060641885,0.019389528213416773,0.019578322451091347
570.0,0.004859617736635865,0.019968100523412257,0.020080357978249877
571.0,0.0030325370247691152,0.020285458380301394,0.020394680883356452
572.0,0.0027798913548562707,0.02021266125563801,0.020192133418335544
573.0,0.003456814267579977,0.018345710900944934,0.018727547940916942
574.0,0.003973100808893268,0.01687144908442437,0.017074671484519518
575.0,0.0031955907367078366,0.015073101357990846,0.015173920971708095
576.0,0.003141342501746187,0.013625824145384293,0.013914570119800124
577.0,0.002585826101254256,0.012633129555634994,0.01323422172932236
578.0,0.0024729753589226838,0.012243940798753595,0.012783535210767758
579.0,0.00368437292745868,0.011388929562765004,0.012265570340257088
580.0,0.003384918533635481,0.011471989368074876,0.01197950778316684
581.0,0.002970237704917581,0.011474472999286512,0.01186608237805703
582.0,0.0025733276464664934,0.011414610112889363,0.011848330256777418
583.0,0.0024961650169336214,0.01158370624383677,0.011632209544985478
584.0,0.0026890357201065974,0.01188312737337102,0.011253138122830691
585.0,0.002892544647747081,0.011957459810017796,0.01100084674253326
586.0,0.003330577235954123,0.012359086653506506,0.011274097823292783
587.0,0.002768262145702069,0.012902788321399933,0.011559563144235887
588.0,0.0025225686554276624,0.013420868575909154,0.011795547246679597
589.0,0.002820849940316257,0.013685773370244328,0.011847400114135207
590.0,0.004103487895825143,0.014399600808730787,0.012110029987774822
591.0,0.003432205806998279,0.01581758299891356,0.012972187885430671
592.0,0.0031917545725366637,0.0167439998756357,0.01309816458140888
593.0,0.0032665998353828846,0.01699142194237132,0.013522026108548964
594.0,0.0032224773022271323,0.017760356602857446,0.014267358705914161
595.0,0.0028308388976119904,0.01788614193212964,0.01503470335785999
596.0,0.0026279250072978,0.016840036845814182,0.01588525052270704
597.0,0.0027572062482347282,0.0163037865892393,0.015687949531126108
598.0,0.003183362411280826,0.015388150588419003,0.01496490815935501
599.0,0.002838896154583392,0.013843202033019057,0.013335476195619256
600.0,0.002880221546219341,0.012050963535968146,0.011055548467961697
601.0,0.0027265418913345095,0.010875178512712799,0.01026314168215267
602.0,0.002607856612932076,0.01068551730994067,0.010279954410354373
603.0,0.002745120163372324,0.009829531818073375,0.010393487550065986
604.0,0.003097453977738837,0.00984485573454021,0.010412702975362875
605.0,0.004743140457361519,0.01007181871925515,0.010061889837493681
606.0,0.004312951131917323,0.010151878182351056,0.010113574815554324
607.0,0.0036258610175367175,0.010480444618151914,0.009989558577782724
608.0,0.0033030930552328617,0.010999296655710061,0.009969436076430338
609.0,0.00329929520801853,0.011925073180735633,0.010226703992149273
610.0,0.0030362459870351202,0.013153570010775138,0.011246150925122773
611.0,0.003170956299193449,0.01409346391981213,0.012144287091447967
612.0,0.003262561986111372,0.014806633675996946,0.012241820673470833
613.0,0.0036500147211612527,0.015260249403045541,0.012384898746114096
614.0,0.003684198848991534,0.015441974356228997,0.01285826369165246
615.0,0.003518817092927155,0.015875580509711943,0.013589090749191507
616.0,0.003309240139434867,0.016264252297013112,0.013995076741288052
617.0,0.0032481358694941157,0.01681449798656339,0.01452019589522421
618.0,0.003703406582148164,0.01802442471537745,0.014773248029364479
619.0,0.003493219974590043,0.01894791322421148,0.015354504041628046
620.0,0.0030434668890055245,0.018459271471469578,0.016026302844144143
621.0,0.002669574911413126,0.016516065871859612,0.016045877805928536
622.0,0.0027727067243639705,0.015456465948720372,0.014654176535232597
623.0,0.002584022997428925,0.013859080689695625,0.013093241906970645
624.0,0.00268917751610912,0.0120465471830789,0.010670724568196618
625.0,0.0026168051253040443,0.010323966784755901,0.008745634955852332
626.0,0.0022322534730542013,0.009067829823356943,0.008495011231788226
627.0,0.0021427345116936686,0.008809257212741712,0.008541729505372766
628.0,0.0025278923959703,0.008515834574821437,0.008293277033927743
629.0,0.002909782363373652,0.00838010327559531,0.008066650829596934
630.0,0.0029406448821930006,0.008551183383341538,0.008063428638323262
631.0,0.002873525774918996,0.008778436216399333,0.008505808048957805
632.0,0.0028057699203521786,0.009009878044429006,0.008631622927076362
633.0,0.002467022925969305,0.009657139940814272,0.008823974787508135
634.0,0.002378223763184955,0.010112945647772547,0.009322047941613088
635.0,0.002471381716738521,0.010590190292786017,0.009733314273874867
636.0,0.002685582549540671,0.011415067877830195,0.01015816352147525
637.0,0.0028861732015217395,0.012437140939453944,0.011314637138818955
638.0,0.002853948542003216,0.013296151718768351,0.011836468542771459
639.0,0.0029943501602831073,0.01342962228912512,0.011400805381836436
640.0,0.003283305765984995,0.014690000312481206,0.01175724350835812
641.0,0.0035330983894619134,0.015540899955169616,0.013259365523459226
642.0,0.0036272126977766415,0.01539728889826597,0.012901092033261464
643.0,0.0034984663608341204,0.015599880872130269,0.01348025454046225
644.0,0.0030301358689410153,0.015738794554163518,0.01407906790759754
645.0,0.003191321654819949,0.016667564782252543,0.014476335307562857
646.0,0.005586106820000576,0.018101980517431147,0.01549827270833163
647.0,0.003999045428328068,0.019421357848807195,0.01625082647780064
648.0,0.0028968337872925325,0.01887023294798798,0.017014989572408934
649.0,0.002741381760303409,0.01897887847332899,0.017301799106027034
650.0,0.0033149868851011202,0.016890419624785546,0.01610593292150006
651.0,0.0029939855717254407,0.015209864835855399,0.014283424302388844
652.0,0.002923603430376471,0.01281464957662931,0.011700706265373452
653.0,0.0027988967748103642,0.010835907882519936,0.010197292799623559
654.0,0.00252518704613473,0.009898031640631109,0.010035220485930061
655.0,0.002613893355936603,0.00986297770592582,0.010110025062524388
656.0,0.002751193419056296,0.009094490585822661,0.01010058018467075
657.0,0.0027580367189680437,0.00925493789700018,0.009916051552336574
658.0,0.004316411534916279,0.009179523374414439,0.009727381738946158
659.0,0.003853571984963333,0.009331224069877074,0.009737049085826288
660.0,0.0032836074150744007,0.009720985819461712,0.010039197927811149
661.0,0.0032162723570694544,0.010142022321797301,0.01012839135787603
662.0,0.0034787712594267807,0.011033593149034982,0.010507418725459738
663.0,0.003569361389670314,0.01242102381285205,0.011053569295621696
664.0,0.004038362545731883,0.01308888090507954,0.01162378564692223
665.0,0.003722331754971808,0.014837560409652926,0.012433249442855464
666.0,0.0035548693363183117,0.016721418738733916,0.012916600511078501
667.0,0.003953517437718041,0.01821070771053409,0.01372348307068669
668.0,0.0040800876756291815,0.01868959624670128,0.014863351035699501
669.0,0.004541473700919419,0.01922048261807082,0.015110661931704246
670.0,0.0042188694695813305,0.02028755346003552,0.017009496850910116
671.0,0.004344228450759785,0.020140796960045497,0.01751756508427894
672.0,0.005087916874948177,0.01955355675127755,0.016865495241707266
673.0,0.004900050179349047,0.019696822850455424,0.016299611379270846
674.0,0.0041394197057828186,0.01896041220303909,0.015752771799733768
675.0,0.003773342827906989,0.017347201293629735,0.015123537330730612
676.0,0.00563491363089103,0.017472441074227112,0.015318977663787212
677.0,0.0035874202706372774,0.017739513146234655,0.016213111157904088
678.0,0.002725874691204997,0.017631303148426494,0.017105161390727444
679.0,0.0029631447509610993,0.017699713784562948,0.017112183230268807
680.0,0.0036542233158825743,0.01581178425012214,0.01602018076370809
681.0,0.0034453615874589544,0.014456399504130081,0.014612537174728159
682.0,0.002871458966103813,0.012459145936623665,0.012393537306143433
683.0,0.0027190884554214086,0.011160092362380594,0.011188305231744135
684.0,0.0023461593797419766,0.01057580732346273,0.010791835943985471
685.0,0.0025899355115949316,0.010357491844881989,0.010688417009050363
686.0,0.004060555567600847,0.009941529354479273,0.010626675333931457
687.0,0.0026156976428127576,0.010023611401966849,0.01050959090681124
688.0,0.0028401713180530534,0.010147969797621791,0.010545006187121975
689.0,0.0026639487973947377,0.010253786118274528,0.010221613692176888
690.0,0.002604531326332963,0.010896318063287964,0.010272858524481674
691.0,0.002781543510532291,0.011274392208746379,0.011017184804298898
692.0,0.00282046721331198,0.011678029417149436,0.0113549183737677
693.0,0.003012045823047733,0.012113032108988685,0.010954233344339868
694.0,0.003346507332230499,0.012819051019434787,0.01111775176452762
695.0,0.003605071031560996,0.013269983028010298,0.012003502575375642
696.0,0.004139970222821347,0.013626285753307326,0.012157118518222869
697.0,0.003199531168497247,0.014819509818634884,0.01310015569582182
698.0,0.0036156841263419144,0.015205729287651397,0.013638913929265915
699.0,0.003510992878370554,0.01630998216936387,0.013533534240875892
700.0,0.003554707981031363,0.01746831366532656,0.014425525815229332
701.0,0.004006381914664509,0.01760868142730604,0.014469385212294574
702.0,0.0037833205367462865,0.017021084131867315,0.013860402780504735
703.0,0.0033480858591213684,0.016667611359036764,0.014780500219664872
704.0,0.003174786957231496,0.01574463321484297,0.014816968158106476
705.0,0.004377015511629782,0.016171754305384003,0.01552813239586683
706.0,0.005979852931188494,0.017507192586030337,0.016482852947072066
707.0,0.0038011746485850104,0.019198320554335933,0.017305132940849493
708.0,0.0027500480310224647,0.019221350471306804,0.01814572391327747
709.0,0.0029263093953170415,0.01949184042167478,0.017959561207970456
710.0,0.004790674123413209,0.016981601572867083,0.016389445340059608
711.0,0.0034789089763355902,0.015608191649818219,0.015270055175429866
712.0,0.0033635033666823463,0.013765824578328707,0.013675206234984454
713.0,0.0029376845084264414,0.012592641629334406,0.012436713686103227
714.0,0.0027067864620319427,0.012029825472014068,0.012269836137697507
715.0,0.0026315128967761624,0.011152220429137615,0.011960361829297005
716.0,0.003642215398487172,0.011263760980628954,0.011881301532055482
717.0,0.005896986247077589,0.011349849628955166,0.011692569937440729
718.0,0.00468373558450074,0.011172379306051337,0.011701999563316995
719.0,0.003072485377880346,0.011347689350693777,0.011675898648003877
720.0,0.0032763854957972025,0.01176338878180273,0.011464948475871005
721.0,0.0035284751519925293,0.011887304445589714,0.01144140834727256
722.0,0.0031565297177689965,0.012166277533655881,0.011687739858845681
723.0,0.0031661583331675115,0.012780569284642765,0.011564823053537723
724.0,0.002893246792216421,0.01332423579081049,0.012075129640451534
725.0,0.0026599931211684575,0.014251565627147472,0.01278501688583368
726.0,0.0028008526875567662,0.015183038497199665,0.013366239953661332
727.0,0.0030726639764743157,0.015831123913644454,0.013930549019240427
728.0,0.0029240797748904877,0.016520239181132667,0.01392763259696763
729.0,0.0029903040450872807,0.016859200636603743,0.014011149645255105
730.0,0.0028540285906955326,0.016449813274568653,0.01369034676644027
731.0,0.002951207384067917,0.01612585264957851,0.013888638243223823
732.0,0.002898833704391572,0.016452991126816342,0.014894689264128172
733.0,0.002888724986201111,0.015792716727891017,0.015089744762508468
734.0,0.002721236922275725,0.015168038570330361,0.014391491771310607
735.0,0.00271700653340906,0.015808465048607695,0.014987718059333667
736.0,0.0026676991241398017,0.01531379859141964,0.015271770218726576
737.0,0.0027855833173428654,0.015199580251544411,0.01508191499044708
738.0,0.0070955021331800755,0.016379923954321966,0.015880931141142047
739.0,0.0037144313235948196,0.017531476817352058,0.016425691998815786
740.0,0.0028438796418495905,0.018275916479269964,0.01715334689839383
741.0,0.002886603481168147,0.01841433252584975,0.01717570864929545
742.0,0.005809355283145612,0.017474654676512016,0.015745063292604604
743.0,0.0032152812590518893,0.0165080264657075,0.014866743472812688
744.0,0.0032730425997845656,0.014908471348720559,0.013967434265822337
745.0,0.0029441589289542582,0.013488549410520807,0.012633757428125015
746.0,0.0027853103220866187,0.013123599959947628,0.01220567107025333
747.0,0.0027399092936492165,0.012028387819936535,0.012591555703903927
748.0,0.003367513153822147,0.011959962491856173,0.012805572643579266
749.0,0.004831570545560204,0.011988774208307084,0.012550168007640876
750.0,0.0037027093607779954,0.011812635971484768,0.0120042367506909
751.0,0.003708648506780528,0.011549147213428264,0.01184233043156012
752.0,0.0037025934716180663,0.011526735884626787,0.011792369417562783
753.0,0.00367232758440292,0.011406817115379225,0.01155529796855047
754.0,0.0029354395546461252,0.011488746027270251,0.011430150130870767
755.0,0.002569841235354404,0.011903999175651306,0.011893477609782438
756.0,0.0025030081481753935,0.012734770265625627,0.012186090046083212
757.0,0.002487963516308106,0.013713137375385707,0.012581717509674916
758.0,0.0024424615320355,0.014542942323066268,0.013167443256285816
759.0,0.0025003937531523704,0.01564168248272817,0.013345105607721976
760.0,0.0029067826246222976,0.016761135081354087,0.01381536674549194
761.0,0.003465864975345587,0.018085473747281134,0.014204250438287346
762.0,0.003354956366934151,0.019062663233224017,0.015517647880690705
763.0,0.0035020562289903505,0.01954552940285371,0.016472894467970144
764.0,0.003512980777711612,0.020331019669319772,0.017705142399445272
765.0,0.0033167088107386605,0.020011957609701852,0.01871517317569979
766.0,0.003353803968944163,0.018980799458347814,0.018512350965156472
767.0,0.003720318686452534,0.019309200637163917,0.018670018375776636
768.0,0.009186758345495802,0.019759265309664376,0.01919218904426186
769.0,0.00574832996295272,0.02081212030139279,0.020306787837873815
770.0,0.003712233521357032,0.021006370998970507,0.0208033761683724
771.0,0.0031547820081556694,0.021067240197615966,0.020593026081832933
772.0,0.0041907006485125495,0.02080898810155995,0.018918642787168285
773.0,0.004530263236111238,0.018978746795832783,0.01696836770937075
774.0,0.003947646349789596,0.017332118352814802,0.015809336045778492
775.0,0.0036325546890989533,0.016042358696892287,0.014892675443352007
776.0,0.0032194021422402657,0.015460981645071026,0.014720059662452734
777.0,0.0031781533141569565,0.014251731515332895,0.014603981699169662
778.0,0.002982666273648185,0.01388320768227093,0.014102740534961416
779.0,0.00315638194956905,0.013635616135247521,0.013450956606451755
780.0,0.0039759500092166455,0.013216460776172776,0.01298450791552606
781.0,0.003368889108126225,0.013138320755865216,0.012655633129570739
782.0,0.0032038246203247123,0.013137178044101937,0.012347019773729477
783.0,0.0043547669645669735,0.013146576759715735,0.011935795585497296
784.0,0.004650196327810769,0.013143934985164439,0.011906919604141182
785.0,0.0032188969474477485,0.013295888881867689,0.01209490654447721
786.0,0.0026263322622805912,0.013396035184081098,0.012084871885409718
787.0,0.002572375200336981,0.014226717034352047,0.011990504929735859
788.0,0.002443853828485746,0.0155663337647217,0.012608076979081402
789.0,0.002710631758088116,0.016360660557098557,0.012940255616488852
790.0,0.002866992436278461,0.018430970049088297,0.013932504682241394
791.0,0.003178842788055571,0.019767923927276578,0.014917900327359184
792.0,0.0033024329819771013,0.019923582571426814,0.015077023969467754
793.0,0.0028213073972259664,0.02087451435011654,0.01674243918926159
794.0,0.002899348726384957,0.020834217739993523,0.017570169648334542
795.0,0.003852122796272359,0.02126226774436534,0.018889314457233044
796.0,0.008335649523828776,0.021572655634279653,0.0192800037608848
797.0,0.004536874194694427,0.02191918212275643,0.020356810211820245
798.0,0.003047431276359393,0.021392505498510454,0.02061365613638609
799.0,0.0031416851063285696,0.020282961477133512,0.019821735834391205
800.0,0.003547526768547897,0.018960571271196887,0.017407806341876667
801.0,0.003211953407923354,0.017023163729661044,0.015421983208908802
802.0,0.002961808969236878,0.015133070121047462,0.01395430564215979
803.0,0.002681712806420675,0.014077489613743412,0.012890053458893058
804.0,0.0025436243663124534,0.013623909891622795,0.01296817782994021
805.0,0.0027926646503527988,0.012835133485450472,0.012933080834873496
806.0,0.003291601814807572,0.012730497547696496,0.012795983102515313
807.0,0.0030927919192971403,0.012849319760066228,0.01272266182588959
808.0,0.004078205039987565,0.012670122713582354,0.01288238316840385
809.0,0.0037343555071701843,0.012444023047767998,0.012554268379180845
810.0,0.0033142492912288735,0.012452171045033784,0.012104344650243041
811.0,0.002837002213436119,0.01230141063503462,0.011916372642287608
812.0,0.0026157442886849598,0.012357661206435529,0.012058411397660862
813.0,0.003065174958325125,0.012652615909340095,0.011887794833480562
814.0,0.002805742631697553,0.012740293014083737,0.011951064114214814
815.0,0.0032667972087411525,0.013034289909123541,0.012194150270414874
816.0,0.0030643964873412577,0.014106341410921857,0.012325446434164687
817.0,0.0030317014841052467,0.015151529262915119,0.012582917479202716
818.0,0.0032075214534834683,0.01549282114067265,0.012396040982143952
819.0,0.003128483278225214,0.015661942518946606,0.012552680224118963
820.0,0.0030221886130215835,0.016196676302899202,0.01334993280720396
821.0,0.0029546863640715114,0.015815994980769483,0.013565391177950858
822.0,0.0029049647441046042,0.015747782917210157,0.013282070869500857
823.0,0.0026684944041618195,0.01569626996926689,0.01434728057171041
824.0,0.0027725889021771137,0.01573433002963197,0.01441234130087494
825.0,0.00570204212447441,0.01674482206853503,0.015364045946637376
826.0,0.00382430162784652,0.018472283225890153,0.016009716086482433
827.0,0.0028160164080093288,0.01966230359730662,0.016706713581324296
828.0,0.002803194580717369,0.019599480810557023,0.017275440515520542
829.0,0.00332060788337757,0.019067397664413458,0.01680162743360232
830.0,0.004553240468428782,0.017252667927717562,0.015445131667592172
831.0,0.0033651804048133284,0.015483324192355487,0.01409234999573207
832.0,0.0035213097557005835,0.013712739474568962,0.012721778518874658
833.0,0.002919090973752593,0.012772881373310289,0.012185970433691028
834.0,0.002966427630696366,0.011983239374334705,0.012139219943675577
835.0,0.0031306189405866766,0.011798474252175933,0.011999304177367534
836.0,0.004650797155914888,0.012119130926399463,0.011808707404783314
837.0,0.00429838042968751,0.012261118238372469,0.012078473223509086
838.0,0.004075160195522168,0.012410366137538062,0.012245047616380013
839.0,0.003320379698624373,0.01263210744215385,0.011802055578806247
840.0,0.0031606997398455376,0.012840243268021967,0.011654872738576249
841.0,0.0029364857407414946,0.01310565084079938,0.012179391726549981
842.0,0.0032590915242912974,0.013115390434830619,0.011942303862911839
843.0,0.0028547509090787594,0.013670322132670236,0.012368787622215289
844.0,0.0030765136686107977,0.01450001554713755,0.01319829084362486
845.0,0.003205699467660149,0.015461806265541942,0.013460949724074214
846.0,0.0032365327632716675,0.01589431340546666,0.013662708029187778
847.0,0.00316560655941469,0.016949663925901276,0.01344755059292053
848.0,0.00319689181193389,0.01647056513826614,0.013029985074820909
849.0,0.003166471145463313,0.01654006223137659,0.013203657420874345
850.0,0.0031494134765711543,0.01680233916290839,0.014397073754554936
851.0,0.0029486924173517588,0.016297529841859053,0.014500317887800991
852.0,0.00286755456473242,0.01652251268936568,0.01427687562141277
853.0,0.0027798959960667453,0.016670592303521452,0.015207199084605648
854.0,0.00297628538425632,0.016517790064068037,0.015397326123908258
855.0,0.006119815515030947,0.0178042132184124,0.016424684239358764
856.0,0.004116310871717319,0.01991513677762272,0.017103053137098527
857.0,0.0030385115229748204,0.02106711766509745,0.017858069089805365
858.0,0.0029193024955234937,0.02104418664792244,0.018508539461494188
859.0,0.0033117808007660475,0.020356205210843897,0.01774832278048182
860.0,0.004583347148034058,0.018003996845447217,0.015973160961155648
861.0,0.0034189493754785256,0.01607718740229117,0.014402308183936242
862.0,0.0034152074853560123,0.014252225551317011,0.013174484229035154
863.0,0.0029661156759308296,0.013284142205954072,0.01292780309323758
864.0,0.003012633672962668,0.012234289555763453,0.0130248763409014
865.0,0.0028983559703589534,0.011641131745570838,0.012584713826136363
866.0,0.00322059460876542,0.011543291329126624,0.012010804709743325
867.0,0.003446141460084369,0.01127370885825218,0.011487914213963661
868.0,0.0029947035517670353,0.011049487143998168,0.011071558293745128
869.0,0.003622313137017482,0.010962913465233658,0.010829396839023528
870.0,0.004903933577988608,0.011100903992384772,0.01064172779936069
871.0,0.00416925355418619,0.011436931481283018,0.01064279105444304
872.0,0.003001607936818703,0.011933442790252047,0.010653067605185992
873.0,0.002715379646515908,0.012502025933232071,0.010706268392650322
874.0,0.001945146663371832,0.012861646296036866,0.01081294782084973
875.0,0.0018902117989516123,0.013417355650395412,0.011086461003018983
876.0,0.0020599675373595776,0.013732222426532272,0.01157981310230959
877.0,0.0020640002565462112,0.01325425664096767,0.01186820842291375
878.0,0.002178154113920333,0.013057789984330145,0.0120260582641517
879.0,0.002240083967038795,0.013453421921821796,0.012320777097361048
880.0,0.00239424820177841,0.013713001653097556,0.012310911858810477
881.0,0.002496934403908947,0.013578709343373628,0.01218309656593583
882.0,0.002593298484397582,0.014132412535767273,0.012337109454833696
883.0,0.0025552935129996767,0.014787816952297896,0.013066702533147486
884.0,0.002442990223145626,0.014539967514801725,0.012704432337699306
885.0,0.002433463832368588,0.014910285991320415,0.013113681816654014
886.0,0.0026389261670893634,0.01572560521119362,0.013953935597938802
887.0,0.004611398895524179,0.016780161888353004,0.0149559086259525
888.0,0.003550315063980093,0.018750173682025088,0.015585410480209725
889.0,0.003181726652048674,0.019820685977028386,0.016251880298210588
890.0,0.002730185160510774,0.019927399202744098,0.01676354138604151
891.0,0.0036723366723322836,0.017991743902119207,0.01569060739754621
892.0,0.005456181105507019,0.01683170746993361,0.014518588523201684
893.0,0.0035403596733906187,0.014835664761147399,0.012999571760741504
894.0,0.0037355763068987633,0.013181507736905627,0.012033528455677412
895.0,0.0032958543054646483,0.011858673542856751,0.01157698705707814
896.0,0.0032517062410760125,0.011160270747450556,0.011689852473070765
897.0,0.0030085917796217696,0.01111768285883593,0.011439024538886634
898.0,0.003035377164919183,0.01127821664848006,0.010888486015581048
899.0,0.003326884005088884,0.01132695966202801,0.010503808778622453
900.0,0.0030470006476629803,0.011119880932454355,0.010253529922118273
901.0,0.002918096677270091,0.010903837028716135,0.01027726058671151
902.0,0.0028026768979666013,0.01101013253885355,0.010425956109107907
903.0,0.0024819449369393063,0.010972847523188861,0.010518351569498851
904.0,0.0024669758545352236,0.010891455365964232,0.010298122145028354
905.0,0.002540676942580826,0.010856325555382535,0.010152294657144673
906.0,0.0026076822801727735,0.010861973052597637,0.009865426685264814
907.0,0.0026987823207071195,0.01138673858996536,0.00993974180122487
908.0,0.003551756448886373,0.012092871442733667,0.010303107197938763
909.0,0.0036203701489479234,0.012826623054184302,0.010550604197879277
910.0,0.0027305512814695377,0.013261874493027606,0.011192096248576039
911.0,0.0025460041189803565,0.014317390762349103,0.011921271426410337
912.0,0.002650064064781913,0.01450877839759903,0.012496072476476201
913.0,0.0028697172312357098,0.013642247106806258,0.012719697359167483
914.0,0.00465957184091633,0.013699568576469172,0.012378960607005884
915.0,0.003053722319011665,0.012722666628857416,0.01161598644380173
916.0,0.004934335686642823,0.011592324348140422,0.010692465851644066
917.0,0.0042554791578791095,0.011171815868797442,0.010610699984706528
918.0,0.004080432035847023,0.010928682868757046,0.01079237009679826
919.0,0.0036226774925853856,0.010873464273745446,0.01117614961150099
920.0,0.004287007399840954,0.011632115276286327,0.011700236143161933
921.0,0.0030199297542344065,0.01214081552620941,0.012001114546382193
922.0,0.0027089094628013274,0.012184612572530278,0.011641851167333078
923.0,0.002967655320837346,0.012294851102089978,0.010985133432396089
924.0,0.0029279224755734755,0.012295493320958585,0.010687921886152472
925.0,0.002723993683087182,0.012125694437787443,0.010657486323267266
926.0,0.002659793764913181,0.01233713780849342,0.01090828109777878
927.0,0.0023496237332034393,0.012731796031546116,0.011271732608983462
928.0,0.0024373883648348446,0.013936679916182346,0.012021690002766683
929.0,0.0027076942141731736,0.013485742551872928,0.012466169034705713
930.0,0.0026537680064032273,0.012818928115970627,0.012471965174198789
931.0,0.002610427627576867,0.012156010134498607,0.012039272962990273
932.0,0.0022191754925923192,0.010786443304666328,0.00997435126238425
933.0,0.0022487670246942705,0.009750081190537515,0.007878506546485644
934.0,0.0020559090907659094,0.008576053354139156,0.006962005257434771
935.0,0.0019170858549321572,0.007886993577672788,0.006947027634213981
936.0,0.0021466167241631765,0.00783903081045482,0.007381999015996518
937.0,0.002663026838373278,0.007946843135937087,0.007543937254260299
938.0,0.002256273945682951,0.008238579290445656,0.007968093341401814
939.0,0.0022096669653515824,0.00847905049359115,0.008183034249761767
940.0,0.002242110769970665,0.008773918631802987,0.00827720745037256
941.0,0.002641600325470869,0.009193783550820723,0.008176374806567795
942.0,0.00282948178689505,0.01001600483563903,0.00847530655321314
943.0,0.002797680531705715,0.010575151009630697,0.009214866886388208
944.0,0.002827819793190179,0.01174044623114481,0.010023352329923888
945.0,0.0027879648834981193,0.012461912969656048,0.010551803787437426
946.0,0.0029209385851801163,0.013218028419886192,0.010454144635632018
947.0,0.002839448632515235,0.01444104919581135,0.011735233235436338
948.0,0.002836401093440004,0.015428666182992282,0.01261668790467717
949.0,0.0035138606757638825,0.016072557236509563,0.013974778813440688
950.0,0.004694162455242194,0.01801071343700567,0.015386474057815342
951.0,0.0034557465628608725,0.019169216478619404,0.015517988670110915
952.0,0.0030440531697892045,0.01980265897379974,0.01604320152782674
953.0,0.0031213411308463326,0.018572241953831784,0.016296741006220944
954.0,0.004631634815548851,0.017590880705336896,0.01514126163881659
955.0,0.004607990835226676,0.01620768101636886,0.014360547308079877
956.0,0.003672428643657495,0.014236555095538906,0.013381666912016667
957.0,0.003539294962708368,0.012981336636959774,0.012645510936622098
958.0,0.003211507069801988,0.012835122181162437,0.012524504534825964
959.0,0.0033731041405551175,0.012162157846588955,0.011950613359407655
960.0,0.0034668880850089504,0.011656478525789223,0.011101920700417203
961.0,0.003002159020275622,0.010871642482242186,0.010259521728504896
962.0,0.0029227932640378145,0.009969465764705705,0.009913766550463788
963.0,0.002710610225456409,0.009690100198817952,0.010212923821800269
964.0,0.002690559835072861,0.009682722460750585,0.010221870679102754
965.0,0.0025042641099554067,0.009868463989590933,0.009926879836672372
966.0,0.0026850064037835875,0.010738490353305326,0.00983313874523026
967.0,0.0029005624476855555,0.011693198349100266,0.01035609992908671
968.0,0.0028397822152986924,0.012181015278657729,0.010543779532550118
969.0,0.0028789280177801057,0.012831249893589901,0.010520592645182349
970.0,0.002835979214646808,0.013944957153921413,0.011838133986545592
971.0,0.0027600825839040233,0.014749686185958975,0.01225834258695824
972.0,0.0029242294550824756,0.014944619294915426,0.013205745274617847
973.0,0.005788009777616054,0.016188154898273754,0.014384552906097227
974.0,0.004517847971393281,0.017759377731249703,0.015314662024470283
975.0,0.003351284267851822,0.019020381020420488,0.01621027284631183
976.0,0.003079819719391491,0.01921650979763944,0.01674120504523543
977.0,0.003946800938049374,0.018656272716779363,0.01610181755222396
978.0,0.003519961762498975,0.017546689702807296,0.015159595275104708
979.0,0.002989523166540754,0.016029293599177187,0.014164771691671232
980.0,0.0026848369040732246,0.014478386410354547,0.013205750406574747
981.0,0.002771130848816403,0.013044803169217517,0.012954904112914502
982.0,0.0029966220565622917,0.01171391147277794,0.013280702123620362
983.0,0.0031973761776583655,0.011512131809594631,0.013203888808447185
984.0,0.0035993113397658175,0.01116499898051163,0.012448287609772424
985.0,0.005431933075539519,0.01108802102160306,0.011862500925754214
986.0,0.003635515511778411,0.01120301333554439,0.011824457317020719
987.0,0.0030210666344059477,0.01148483821742226,0.012095040922218298
988.0,0.003184841737050134,0.011664361605064096,0.012094024302302707
989.0,0.0033467424741299425,0.011957471045001942,0.011568208422990701
990.0,0.0033034595288409293,0.012340712089449592,0.01203805074680007
991.0,0.0029936077644405323,0.01262714713108555,0.01206135931508388
992.0,0.003267172789730172,0.01286938455702556,0.011979295462722788
993.0,0.0039213730203058,0.013510154833644256,0.012596512088828551
994.0,0.0037531724736091852,0.014734739671495719,0.013124556999324778
995.0,0.004020331857710875,0.01521370914911189,0.012812099985446112
996.0,0.0038078952701475497,0.01605442861770648,0.012951274383854445
997.0,0.0032275636808440995,0.016151497109968434,0.013493061474050562
998.0,0.003176862891946321,0.01598580906883044,0.013186274257133937
999.0,0.005916668307859972,0.01603172942299558,0.014086332607148106
1000.0,0.003593391340600661,0.016824525762142654,0.014988610842341743
